State Name,District Name,Market Name,Variety,Group,Arrivals (Tonnes),Min Price (Rs./Quintal),Max Price (Rs./Quintal),Modal Price (Rs./Quintal),Price Date,season,days
Karnataka,Kolar,Kolar,Tomato,Vegetables,598,400,1670,930,03-Jan-23,Winter,Monday
Karnataka,Kolar,Kolar,Tomato,Vegetables,783,330,1330,800,04-Jan-23,Winter,Saturday
Karnataka,Kolar,Kolar,Tomato,Vegetables,631,330,1200,530,05-Jan-23,Winter,Monday
Karnataka,Kolar,Kolar,Tomato,Vegetables,688,330,1330,670,06-Jan-23,Winter,Wednesday
Karnataka,Kolar,Kolar,Tomato,Vegetables,441,330,1270,670,07-Jan-23,Winter,Wednesday
Karnataka,Kolar,Kolar,Tomato,Vegetables,514,330,1530,800,08-Jan-23,Winter,Saturday
Karnataka,Kolar,Kolar,Tomato,Vegetables,550,330,1330,800,09-Jan-23,Winter,Wednesday
Karnataka,Kolar,Kolar,Tomato,Vegetables,460,330,1470,800,10-Jan-23,Winter,Saturday
Karnataka,Kolar,Kolar,Tomato,Vegetables,506,330,1470,800,11-Jan-23,Winter,Tuesday
Karnataka,Kolar,Kolar,Tomato,Vegetables,450,530,2000,1200,12-Jan-23,Winter,Friday
Karnataka,Kolar,Kolar,Tomato,Vegetables,499,600,5330,1330,13-Jan-23,Winter,Sunday
Karnataka,Kolar,Kolar,Tomato,Vegetables,445,530,2200,1330,14-Jan-23,Winter,Sunday
Karnataka,Kolar,Kolar,Tomato,Vegetables,323,670,2530,1400,15-Jan-23,Winter,Friday
Karnataka,Kolar,Kolar,Tomato,Vegetables,233,670,3000,1670,16-Jan-23,Winter,Thursday
Karnataka,Kolar,Kolar,Tomato,Vegetables,390,670,3000,1670,17-Jan-23,Winter,Thursday
Karnataka,Kolar,Kolar,Tomato,Vegetables,506,670,2670,1330,18-Jan-23,Winter,Wednesday
Karnataka,Kolar,Kolar,Tomato,Vegetables,523,530,2670,1470,19-Jan-23,Winter,Saturday
Karnataka,Kolar,Kolar,Tomato,Vegetables,556,530,2530,1330,20-Jan-23,Winter,Monday
Karnataka,Kolar,Kolar,Tomato,Vegetables,693,400,2330,1200,21-Jan-23,Winter,Friday
Karnataka,Kolar,Kolar,Tomato,Vegetables,686,530,2000,1200,22-Jan-23,Winter,Monday
Karnataka,Kolar,Kolar,Tomato,Vegetables,601,470,1670,1000,23-Jan-23,Winter,Saturday
Karnataka,Kolar,Kolar,Tomato,Vegetables,684,330,1670,930,24-Jan-23,Winter,Thursday
Karnataka,Kolar,Kolar,Tomato,Vegetables,647,470,1530,870,25-Jan-23,Winter,Friday
Karnataka,Kolar,Kolar,Tomato,Vegetables,597,400,1670,930,26-Jan-23,Winter,Friday
Karnataka,Kolar,Kolar,Tomato,Vegetables,555,400,1530,870,27-Jan-23,Winter,Friday
Karnataka,Kolar,Kolar,Tomato,Vegetables,530,400,1670,930,28-Jan-23,Winter,Friday
Karnataka,Kolar,Kolar,Tomato,Vegetables,453,400,1670,930,29-Jan-23,Winter,Monday
Karnataka,Kolar,Kolar,Tomato,Vegetables,496,400,1800,1000,30-Jan-23,Winter,Tuesday
Karnataka,Kolar,Kolar,Tomato,Vegetables,487,400,1870,1070,31-Jan-23,Winter,Tuesday
Karnataka,Kolar,Kolar,Tomato,Vegetables,589,400,1670,930,01-Feb-23,Winter,Friday
Karnataka,Kolar,Kolar,Tomato,Vegetables,600,400,1730,1000,02-Feb-23,Winter,Thursday
Karnataka,Kolar,Kolar,Tomato,Vegetables,563,400,1530,870,03-Feb-23,Winter,Friday
Karnataka,Kolar,Kolar,Tomato,Vegetables,497,330,1470,800,04-Feb-23,Winter,Wednesday
Karnataka,Kolar,Kolar,Tomato,Vegetables,486,400,1600,870,05-Feb-23,Winter,Monday
Karnataka,Kolar,Kolar,Tomato,Vegetables,496,400,1530,930,06-Feb-23,Winter,Monday
Karnataka,Kolar,Kolar,Tomato,Vegetables,388,400,1730,1000,07-Feb-23,Winter,Tuesday
Karnataka,Kolar,Kolar,Tomato,Vegetables,470,400,1870,1070,08-Feb-23,Winter,Monday
Karnataka,Kolar,Kolar,Tomato,Vegetables,513,400,1670,930,09-Feb-23,Winter,Thursday
Karnataka,Kolar,Kolar,Tomato,Vegetables,442,400,1870,1000,10-Feb-23,Winter,Friday
Karnataka,Kolar,Kolar,Tomato,Vegetables,447,400,1930,1070,11-Feb-23,Winter,Wednesday
Karnataka,Kolar,Kolar,Tomato,Vegetables,487,530,2130,1200,12-Feb-23,Winter,Wednesday
Karnataka,Kolar,Kolar,Tomato,Vegetables,514,530,2200,1200,13-Feb-23,Winter,Sunday
Karnataka,Kolar,Kolar,Tomato,Vegetables,494,600,2270,1270,14-Feb-23,Winter,Sunday
Karnataka,Kolar,Kolar,Tomato,Vegetables,528,530,2000,1130,15-Feb-23,Winter,Thursday
Karnataka,Kolar,Kolar,Tomato,Vegetables,407,400,2000,1070,16-Feb-23,Winter,Thursday
Karnataka,Kolar,Kolar,Tomato,Vegetables,467,530,2200,1270,17-Feb-23,Winter,Saturday
Karnataka,Kolar,Kolar,Tomato,Vegetables,427,530,2330,1330,18-Feb-23,Winter,Monday
Karnataka,Kolar,Kolar,Tomato,Vegetables,457,530,2470,1400,19-Feb-23,Winter,Thursday
Karnataka,Kolar,Kolar,Tomato,Vegetables,414,670,2600,1470,20-Feb-23,Winter,Saturday
Karnataka,Kolar,Kolar,Tomato,Vegetables,589,530,2270,1330,21-Feb-23,Winter,Saturday
Karnataka,Kolar,Kolar,Tomato,Vegetables,561,530,2330,1400,22-Feb-23,Winter,Thursday
Karnataka,Kolar,Kolar,Tomato,Vegetables,625,400,1670,1000,23-Feb-23,Winter,Friday
Karnataka,Kolar,Kolar,Tomato,Vegetables,625,400,1670,1000,24-Feb-23,Winter,Saturday
Karnataka,Kolar,Kolar,Tomato,Vegetables,488,530,1800,1130,25-Feb-23,Winter,Friday
Karnataka,Kolar,Kolar,Tomato,Vegetables,509,400,2000,1200,26-Feb-23,Winter,Friday
Karnataka,Kolar,Kolar,Tomato,Vegetables,395,400,1730,1000,27-Feb-23,Winter,Saturday
Karnataka,Kolar,Kolar,Tomato,Vegetables,351,530,2000,1130,28-Feb-23,Winter,Thursday
Karnataka,Kolar,Kolar,Tomato,Vegetables,334,530,2000,1200,01-Mar-23,Summer,Sunday
Karnataka,Kolar,Kolar,Tomato,Vegetables,368,530,2270,1270,02-Mar-23,Summer,Monday
Karnataka,Kolar,Kolar,Tomato,Vegetables,461,530,1930,1200,03-Mar-23,Summer,Monday
Karnataka,Kolar,Kolar,Tomato,Vegetables,467,400,1670,1000,04-Mar-23,Summer,Friday
Karnataka,Kolar,Kolar,Tomato,Vegetables,386,400,1670,1000,05-Mar-23,Summer,Saturday
Karnataka,Kolar,Kolar,Tomato,Vegetables,388,330,1670,1000,06-Mar-23,Summer,Monday
Karnataka,Kolar,Kolar,Tomato,Vegetables,373,400,1800,1130,07-Mar-23,Summer,Thursday
Karnataka,Kolar,Kolar,Tomato,Vegetables,342,400,2000,1200,08-Mar-23,Summer,Monday
Karnataka,Kolar,Kolar,Tomato,Vegetables,287,400,1800,1000,09-Mar-23,Summer,Monday
Karnataka,Kolar,Kolar,Tomato,Vegetables,351,530,2000,1270,10-Mar-23,Summer,Friday
Karnataka,Kolar,Kolar,Tomato,Vegetables,370,400,1870,1200,11-Mar-23,Summer,Tuesday
Karnataka,Kolar,Kolar,Tomato,Vegetables,295,400,1670,1000,12-Mar-23,Summer,Tuesday
Karnataka,Kolar,Kolar,Tomato,Vegetables,368,330,1430,930,13-Mar-23,Summer,Sunday
Karnataka,Kolar,Kolar,Tomato,Vegetables,446,330,1330,870,14-Mar-23,Summer,Tuesday
Karnataka,Kolar,Kolar,Tomato,Vegetables,343,330,1330,930,15-Mar-23,Summer,Tuesday
Karnataka,Kolar,Kolar,Tomato,Vegetables,396,330,1200,730,16-Mar-23,Summer,Sunday
Karnataka,Kolar,Kolar,Tomato,Vegetables,316,330,1130,670,17-Mar-23,Summer,Wednesday
Karnataka,Kolar,Kolar,Tomato,Vegetables,333,330,1330,730,18-Mar-23,Summer,Saturday
Karnataka,Kolar,Kolar,Tomato,Vegetables,320,330,1200,670,19-Mar-23,Summer,Thursday
Karnataka,Kolar,Kolar,Tomato,Vegetables,422,330,1200,670,20-Mar-23,Summer,Sunday
Karnataka,Kolar,Kolar,Tomato,Vegetables,554,330,1200,600,21-Mar-23,Summer,Thursday
Karnataka,Kolar,Kolar,Tomato,Vegetables,357,330,1200,670,22-Mar-23,Summer,Saturday
Karnataka,Kolar,Kolar,Tomato,Vegetables,240,330,1330,730,23-Mar-23,Summer,Friday
Karnataka,Kolar,Kolar,Tomato,Vegetables,246,330,1000,600,24-Mar-23,Summer,Saturday
Karnataka,Kolar,Kolar,Tomato,Vegetables,570,300,1000,600,25-Mar-23,Summer,Tuesday
Karnataka,Kolar,Kolar,Tomato,Vegetables,569,300,800,530,26-Mar-23,Summer,Monday
Karnataka,Kolar,Kolar,Tomato,Vegetables,408,300,870,530,27-Mar-23,Summer,Friday
Karnataka,Kolar,Kolar,Tomato,Vegetables,462,300,800,570,28-Mar-23,Summer,Tuesday
Karnataka,Kolar,Kolar,Tomato,Vegetables,452,300,800,530,29-Mar-23,Summer,Saturday
Karnataka,Kolar,Kolar,Tomato,Vegetables,452,300,800,530,30-Mar-23,Summer,Sunday
Karnataka,Kolar,Kolar,Tomato,Vegetables,273,300,870,530,31-Mar-23,Summer,Sunday
Karnataka,Kolar,Kolar,Tomato,Vegetables,494,330,930,530,01-Apr-23,Summer,Saturday
Karnataka,Kolar,Kolar,Tomato,Vegetables,445,300,800,470,02-Apr-23,Summer,Saturday
Karnataka,Kolar,Kolar,Tomato,Vegetables,525,300,730,470,03-Apr-23,Summer,Monday
Karnataka,Kolar,Kolar,Tomato,Vegetables,508,300,800,530,04-Apr-23,Summer,Thursday
Karnataka,Kolar,Kolar,Tomato,Vegetables,538,300,730,470,05-Apr-23,Summer,Monday
Karnataka,Kolar,Kolar,Tomato,Vegetables,513,300,670,470,06-Apr-23,Summer,Wednesday
Karnataka,Kolar,Kolar,Tomato,Vegetables,550,300,670,400,07-Apr-23,Summer,Tuesday
Karnataka,Kolar,Kolar,Tomato,Vegetables,465,300,670,470,08-Apr-23,Summer,Wednesday
Karnataka,Kolar,Kolar,Tomato,Vegetables,446,300,670,470,09-Apr-23,Summer,Monday
Karnataka,Kolar,Kolar,Tomato,Vegetables,406,300,730,530,10-Apr-23,Summer,Tuesday
Karnataka,Kolar,Kolar,Tomato,Vegetables,461,300,730,470,11-Apr-23,Summer,Sunday
Karnataka,Kolar,Kolar,Tomato,Vegetables,522,330,800,530,12-Apr-23,Summer,Thursday
Karnataka,Kolar,Kolar,Tomato,Vegetables,595,300,670,400,13-Apr-23,Summer,Tuesday
Karnataka,Kolar,Kolar,Tomato,Vegetables,459,300,670,400,14-Apr-23,Summer,Friday
Karnataka,Kolar,Kolar,Tomato,Vegetables,498,300,730,470,15-Apr-23,Summer,Thursday
Karnataka,Kolar,Kolar,Tomato,Vegetables,480,330,670,400,16-Apr-23,Summer,Friday
Karnataka,Kolar,Kolar,Tomato,Vegetables,397,300,670,470,17-Apr-23,Summer,Monday
Karnataka,Kolar,Kolar,Tomato,Vegetables,590,300,800,500,18-Apr-23,Summer,Sunday
Karnataka,Kolar,Kolar,Tomato,Vegetables,735,300,670,470,19-Apr-23,Summer,Monday
Karnataka,Kolar,Kolar,Tomato,Vegetables,638,300,670,470,20-Apr-23,Summer,Tuesday
Karnataka,Kolar,Kolar,Tomato,Vegetables,657,300,730,500,21-Apr-23,Summer,Saturday
Karnataka,Kolar,Kolar,Tomato,Vegetables,525,300,670,470,22-Apr-23,Summer,Sunday
Karnataka,Kolar,Kolar,Tomato,Vegetables,440,300,870,470,23-Apr-23,Summer,Tuesday
Karnataka,Kolar,Kolar,Tomato,Vegetables,510,300,670,470,24-Apr-23,Summer,Saturday
Karnataka,Kolar,Kolar,Tomato,Vegetables,620,300,730,500,25-Apr-23,Summer,Monday
Karnataka,Kolar,Kolar,Tomato,Vegetables,792,300,670,400,26-Apr-23,Summer,Saturday
Karnataka,Kolar,Kolar,Tomato,Vegetables,856,300,600,400,27-Apr-23,Summer,Monday
Karnataka,Kolar,Kolar,Tomato,Vegetables,711,300,670,400,28-Apr-23,Summer,Monday
Karnataka,Kolar,Kolar,Tomato,Vegetables,586,300,800,400,29-Apr-23,Summer,Wednesday
Karnataka,Kolar,Kolar,Tomato,Vegetables,517,300,730,430,30-Apr-23,Summer,Tuesday
Karnataka,Kolar,Kolar,Tomato,Vegetables,387,300,870,470,01-May-23,Summer,Sunday
Karnataka,Kolar,Kolar,Tomato,Vegetables,618,300,630,530,02-May-23,Summer,Saturday
Karnataka,Kolar,Kolar,Tomato,Vegetables,815,300,670,470,03-May-23,Summer,Saturday
Karnataka,Kolar,Kolar,Tomato,Vegetables,"1,013.00",300,670,470,04-May-23,Summer,Monday
Karnataka,Kolar,Kolar,Tomato,Vegetables,779,300,670,470,05-May-23,Summer,Thursday
Karnataka,Kolar,Kolar,Tomato,Vegetables,710,300,800,530,06-May-23,Summer,Saturday
Karnataka,Kolar,Kolar,Tomato,Vegetables,514,300,870,530,07-May-23,Summer,Friday
Karnataka,Kolar,Kolar,Tomato,Vegetables,510,330,1330,670,08-May-23,Summer,Sunday
Karnataka,Kolar,Kolar,Tomato,Vegetables,654,330,1330,730,09-May-23,Summer,Monday
Karnataka,Kolar,Kolar,Tomato,Vegetables,740,330,1330,730,10-May-23,Summer,Thursday
Karnataka,Kolar,Kolar,Tomato,Vegetables,573,330,1530,800,11-May-23,Summer,Thursday
Karnataka,Kolar,Kolar,Tomato,Vegetables,958,330,1330,670,12-May-23,Summer,Saturday
Karnataka,Kolar,Kolar,Tomato,Vegetables,895,300,1200,730,13-May-23,Summer,Monday
Karnataka,Kolar,Kolar,Tomato,Vegetables,815,300,1330,800,14-May-23,Summer,Sunday
Karnataka,Kolar,Kolar,Tomato,Vegetables,725,330,1600,930,15-May-23,Summer,Thursday
Karnataka,Kolar,Kolar,Tomato,Vegetables,921,330,1470,800,16-May-23,Summer,Tuesday
Karnataka,Kolar,Kolar,Tomato,Vegetables,920,300,1200,670,17-May-23,Summer,Monday
Karnataka,Kolar,Kolar,Tomato,Vegetables,"1,035.00",300,1000,600,18-May-23,Summer,Tuesday
Karnataka,Kolar,Kolar,Tomato,Vegetables,760,300,1200,670,19-May-23,Summer,Monday
Karnataka,Kolar,Kolar,Tomato,Vegetables,742,300,1070,670,20-May-23,Summer,Saturday
Karnataka,Kolar,Kolar,Tomato,Vegetables,789,300,1330,730,21-May-23,Summer,Thursday
Karnataka,Kolar,Kolar,Tomato,Vegetables,615,330,1330,730,22-May-23,Summer,Friday
Karnataka,Kolar,Kolar,Tomato,Vegetables,595,330,1330,730,23-May-23,Summer,Thursday
Karnataka,Kolar,Kolar,Tomato,Vegetables,870,330,1200,670,24-May-23,Summer,Sunday
Karnataka,Kolar,Kolar,Tomato,Vegetables,765,300,1200,730,25-May-23,Summer,Thursday
Karnataka,Kolar,Kolar,Tomato,Vegetables,720,300,1330,800,26-May-23,Summer,Friday
Karnataka,Kolar,Kolar,Tomato,Vegetables,643,330,1270,700,27-May-23,Summer,Thursday
Karnataka,Kolar,Kolar,Tomato,Vegetables,598,330,1470,800,28-May-23,Summer,Saturday
Karnataka,Kolar,Kolar,Tomato,Vegetables,620,330,1870,930,29-May-23,Summer,Tuesday
Karnataka,Kolar,Kolar,Tomato,Vegetables,633,330,2130,1000,30-May-23,Summer,Thursday
Karnataka,Kolar,Kolar,Tomato,Vegetables,542,330,2670,1330,31-May-23,Summer,Thursday
Karnataka,Kolar,Kolar,Tomato,Vegetables,940,330,2330,1000,01-Jun-23,Monsoon,Wednesday
Karnataka,Kolar,Kolar,Tomato,Vegetables,971,330,1870,800,02-Jun-23,Monsoon,Sunday
Karnataka,Kolar,Kolar,Tomato,Vegetables,925,330,2000,1000,03-Jun-23,Monsoon,Thursday
Karnataka,Kolar,Kolar,Tomato,Vegetables,941,330,2000,1200,04-Jun-23,Monsoon,Thursday
Karnataka,Kolar,Kolar,Tomato,Vegetables,944,670,2000,1270,05-Jun-23,Monsoon,Wednesday
Karnataka,Kolar,Kolar,Tomato,Vegetables,"1,062.00",670,2130,1330,06-Jun-23,Monsoon,Sunday
Karnataka,Kolar,Kolar,Tomato,Vegetables,"1,077.00",530,2130,1330,07-Jun-23,Monsoon,Monday
Karnataka,Kolar,Kolar,Tomato,Vegetables,"1,118.00",670,2000,1270,08-Jun-23,Monsoon,Tuesday
Karnataka,Kolar,Kolar,Tomato,Vegetables,981,670,2000,1470,09-Jun-23,Monsoon,Tuesday
Karnataka,Kolar,Kolar,Tomato,Vegetables,"1,143.00",670,2200,1400,10-Jun-23,Monsoon,Saturday
Karnataka,Kolar,Kolar,Tomato,Vegetables,"1,175.00",670,2330,1470,11-Jun-23,Monsoon,Friday
Karnataka,Kolar,Kolar,Tomato,Vegetables,996,670,3000,1670,12-Jun-23,Monsoon,Saturday
Karnataka,Kolar,Kolar,Tomato,Vegetables,"1,140.00",670,3200,1730,13-Jun-23,Monsoon,Tuesday
Karnataka,Kolar,Kolar,Tomato,Vegetables,"1,140.00",1330,3660,2000,14-Jun-23,Monsoon,Wednesday
Karnataka,Kolar,Kolar,Tomato,Vegetables,"1,326.00",1000,3000,1870,15-Jun-23,Monsoon,Friday
Karnataka,Kolar,Kolar,Tomato,Vegetables,"1,203.00",1000,3200,2000,16-Jun-23,Monsoon,Friday
Karnataka,Kolar,Kolar,Tomato,Vegetables,"1,170.00",1000,3000,1870,17-Jun-23,Monsoon,Monday
Karnataka,Kolar,Kolar,Tomato,Vegetables,"1,125.00",670,3200,1870,18-Jun-23,Monsoon,Thursday
Karnataka,Kolar,Kolar,Tomato,Vegetables,"1,318.00",1330,3670,2130,19-Jun-23,Monsoon,Saturday
Karnataka,Kolar,Kolar,Tomato,Vegetables,"1,223.00",1330,3870,2330,20-Jun-23,Monsoon,Tuesday
Karnataka,Kolar,Kolar,Tomato,Vegetables,953,1330,3870,2330,21-Jun-23,Monsoon,Thursday
Karnataka,Kolar,Kolar,Tomato,Vegetables,"1,575.00",1330,4000,2530,22-Jun-23,Monsoon,Wednesday
Karnataka,Kolar,Kolar,Tomato,Vegetables,"1,350.00",1500,4330,2670,23-Jun-23,Monsoon,Friday
Karnataka,Kolar,Kolar,Tomato,Vegetables,"1,102.00",2000,6670,3670,24-Jun-23,Monsoon,Tuesday
Karnataka,Kolar,Kolar,Tomato,Vegetables,"1,173.00",2000,6670,3730,25-Jun-23,Monsoon,Wednesday
Karnataka,Kolar,Kolar,Tomato,Vegetables,"1,027.00",2000,6670,3330,26-Jun-23,Monsoon,Tuesday
Karnataka,Kolar,Kolar,Tomato,Vegetables,"1,020.00",2000,6670,4000,27-Jun-23,Monsoon,Sunday
Karnataka,Kolar,Kolar,Tomato,Vegetables,"1,153.00",2000,6670,3670,28-Jun-23,Monsoon,Wednesday
Karnataka,Kolar,Kolar,Tomato,Vegetables,790,2000,7330,3330,29-Jun-23,Monsoon,Friday
Karnataka,Kolar,Kolar,Tomato,Vegetables,"1,034.00",2330,8670,4000,30-Jun-23,Monsoon,Monday
Karnataka,Kolar,Kolar,Tomato,Vegetables,"1,122.00",2000,10000,4670,01-Jul-23,Monsoon,Wednesday
Karnataka,Kolar,Kolar,Tomato,Vegetables,"1,186.00",2330,9330,4670,02-Jul-23,Monsoon,Thursday
Karnataka,Kolar,Kolar,Tomato,Vegetables,"1,311.00",2330,9330,4670,03-Jul-23,Monsoon,Thursday
Karnataka,Kolar,Kolar,Tomato,Vegetables,"1,324.00",2670,10000,5000,04-Jul-23,Monsoon,Thursday
Karnataka,Kolar,Kolar,Tomato,Vegetables,"1,193.00",2670,10000,4670,05-Jul-23,Monsoon,Monday
Karnataka,Kolar,Kolar,Tomato,Vegetables,"1,297.00",2670,9330,4670,06-Jul-23,Monsoon,Monday
Karnataka,Kolar,Kolar,Tomato,Vegetables,"1,200.00",2000,7330,3670,07-Jul-23,Monsoon,Wednesday
Karnataka,Kolar,Kolar,Tomato,Vegetables,"1,181.00",2330,8670,4330,08-Jul-23,Monsoon,Monday
Karnataka,Kolar,Kolar,Tomato,Vegetables,"1,253.00",2330,9330,4670,09-Jul-23,Monsoon,Sunday
Karnataka,Kolar,Kolar,Tomato,Vegetables,"1,033.00",2670,10660,6000,10-Jul-23,Monsoon,Saturday
Karnataka,Kolar,Kolar,Tomato,Vegetables,"1,059.00",2670,13330,6670,11-Jul-23,Monsoon,Friday
Karnataka,Kolar,Kolar,Tomato,Vegetables,"1,140.00",3330,12000,7330,12-Jul-23,Monsoon,Thursday
Karnataka,Kolar,Kolar,Tomato,Vegetables,"1,140.00",3330,12000,7330,13-Jul-23,Monsoon,Friday
Karnataka,Kolar,Kolar,Tomato,Vegetables,"1,057.00",3330,12000,7330,14-Jul-23,Monsoon,Tuesday
Karnataka,Kolar,Kolar,Tomato,Vegetables,"1,095.00",2670,10000,6000,15-Jul-23,Monsoon,Friday
Karnataka,Kolar,Kolar,Tomato,Vegetables,"1,083.00",2670,10670,6670,16-Jul-23,Monsoon,Tuesday
Karnataka,Kolar,Kolar,Tomato,Vegetables,951,3330,11330,6670,17-Jul-23,Monsoon,Monday
Karnataka,Kolar,Kolar,Tomato,Vegetables,"1,012.00",3330,12000,6670,18-Jul-23,Monsoon,Sunday
Karnataka,Kolar,Kolar,Tomato,Vegetables,"1,148.00",3330,10000,6000,19-Jul-23,Monsoon,Tuesday
Karnataka,Kolar,Kolar,Tomato,Vegetables,"1,024.00",3330,10000,6000,20-Jul-23,Monsoon,Monday
Karnataka,Kolar,Kolar,Tomato,Vegetables,"1,058.00",3330,9330,6000,21-Jul-23,Monsoon,Wednesday
Karnataka,Kolar,Kolar,Tomato,Vegetables,"1,004.00",2670,10000,6000,22-Jul-23,Monsoon,Tuesday
Karnataka,Kolar,Kolar,Tomato,Vegetables,"1,032.00",2670,10000,6000,23-Jul-23,Monsoon,Thursday
Karnataka,Kolar,Kolar,Tomato,Vegetables,817,3330,10000,6670,24-Jul-23,Monsoon,Tuesday
Karnataka,Kolar,Kolar,Tomato,Vegetables,858,3330,12000,7330,25-Jul-23,Monsoon,Tuesday
Karnataka,Kolar,Kolar,Tomato,Vegetables,771,3330,13330,8000,26-Jul-23,Monsoon,Monday
Karnataka,Kolar,Kolar,Tomato,Vegetables,747,3330,12000,6670,27-Jul-23,Monsoon,Tuesday
Karnataka,Kolar,Kolar,Tomato,Vegetables,868,3330,12670,7330,28-Jul-23,Monsoon,Saturday
Karnataka,Kolar,Kolar,Tomato,Vegetables,759,3330,12670,7330,29-Jul-23,Monsoon,Sunday
Karnataka,Kolar,Kolar,Tomato,Vegetables,792,3330,13330,8670,30-Jul-23,Monsoon,Sunday
Karnataka,Kolar,Kolar,Tomato,Vegetables,942,4000,16000,9330,31-Jul-23,Monsoon,Sunday
Karnataka,Kolar,Kolar,Tomato,Vegetables,878,4000,16000,9330,01-Aug-23,Monsoon,Thursday
Karnataka,Kolar,Kolar,Tomato,Vegetables,948,4000,14670,8000,02-Aug-23,Monsoon,Friday
Karnataka,Kolar,Kolar,Tomato,Vegetables,970,2670,11330,6670,03-Aug-23,Monsoon,Saturday
Karnataka,Kolar,Kolar,Tomato,Vegetables,"1,059.00",2670,10000,6000,04-Aug-23,Monsoon,Thursday
Karnataka,Kolar,Kolar,Tomato,Vegetables,"1,191.00",3330,10000,6670,06-Aug-23,Monsoon,Sunday
Karnataka,Kolar,Kolar,Tomato,Vegetables,"1,214.00",2670,10000,6670,07-Aug-23,Monsoon,Sunday
Karnataka,Kolar,Kolar,Tomato,Vegetables,"1,182.00",2670,10000,6670,08-Aug-23,Monsoon,Wednesday
Karnataka,Kolar,Kolar,Tomato,Vegetables,"1,291.00",2670,7330,4670,09-Aug-23,Monsoon,Friday
Karnataka,Kolar,Kolar,Tomato,Vegetables,"1,332.00",2000,5330,3330,10-Aug-23,Monsoon,Sunday
Karnataka,Kolar,Kolar,Tomato,Vegetables,"1,326.00",2000,5330,3330,11-Aug-23,Monsoon,Saturday
Karnataka,Kolar,Kolar,Tomato,Vegetables,"1,275.00",2000,6000,3470,12-Aug-23,Monsoon,Monday
Karnataka,Kolar,Kolar,Tomato,Vegetables,"1,385.00",2000,5670,3330,13-Aug-23,Monsoon,Wednesday
Karnataka,Kolar,Kolar,Tomato,Vegetables,"1,515.00",2000,5670,3470,14-Aug-23,Monsoon,Wednesday
Karnataka,Kolar,Kolar,Tomato,Vegetables,"1,755.00",1000,3530,1930,17-Aug-23,Monsoon,Tuesday
Karnataka,Kolar,Kolar,Tomato,Vegetables,"1,605.00",1000,3330,2000,18-Aug-23,Monsoon,Saturday
Karnataka,Kolar,Kolar,Tomato,Vegetables,"1,568.00",1670,3400,2200,19-Aug-23,Monsoon,Tuesday
Karnataka,Kolar,Kolar,Tomato,Vegetables,"1,665.00",1330,3330,2130,20-Aug-23,Monsoon,Wednesday
Karnataka,Kolar,Kolar,Tomato,Vegetables,"1,692.00",1330,3470,2070,21-Aug-23,Monsoon,Tuesday
Karnataka,Kolar,Kolar,Tomato,Vegetables,"1,800.00",1200,3000,1930,22-Aug-23,Monsoon,Tuesday
Karnataka,Kolar,Kolar,Tomato,Vegetables,"1,809.00",1000,2330,1600,23-Aug-23,Monsoon,Friday
Karnataka,Kolar,Kolar,Tomato,Vegetables,"1,803.00",670,2270,1600,24-Aug-23,Monsoon,Thursday
Karnataka,Kolar,Kolar,Tomato,Vegetables,"1,763.00",670,2330,1730,25-Aug-23,Monsoon,Friday
Karnataka,Kolar,Kolar,Tomato,Vegetables,"1,668.00",670,2330,1600,26-Aug-23,Monsoon,Friday
Karnataka,Kolar,Kolar,Tomato,Vegetables,"1,689.00",1000,2930,1730,27-Aug-23,Monsoon,Monday
Karnataka,Kolar,Kolar,Tomato,Vegetables,"1,905.00",1000,2670,1730,28-Aug-23,Monsoon,Saturday
Karnataka,Kolar,Kolar,Tomato,Vegetables,"1,797.00",530,2330,1600,29-Aug-23,Monsoon,Monday
Karnataka,Kolar,Kolar,Tomato,Vegetables,"2,124.00",330,2000,1270,30-Aug-23,Monsoon,Friday
Karnataka,Kolar,Kolar,Tomato,Vegetables,"1,868.00",330,2000,1070,31-Aug-23,Monsoon,Wednesday
Karnataka,Kolar,Kolar,Tomato,Vegetables,"1,995.00",330,1870,930,01-Sep-23,Monsoon,Wednesday
Karnataka,Kolar,Kolar,Tomato,Vegetables,"1,991.00",330,1670,1000,02-Sep-23,Monsoon,Tuesday
Karnataka,Kolar,Kolar,Tomato,Vegetables,"1,795.00",330,1670,1000,03-Sep-23,Monsoon,Sunday
Karnataka,Kolar,Kolar,Tomato,Vegetables,"2,051.00",330,1530,1070,04-Sep-23,Monsoon,Tuesday
Karnataka,Kolar,Kolar,Tomato,Vegetables,"1,987.00",330,1530,1130,05-Sep-23,Monsoon,Monday
Karnataka,Kolar,Kolar,Tomato,Vegetables,"1,912.00",330,1270,730,06-Sep-23,Monsoon,Tuesday
Karnataka,Kolar,Kolar,Tomato,Vegetables,"1,616.00",330,1000,670,08-Sep-23,Monsoon,Tuesday
Karnataka,Kolar,Kolar,Tomato,Vegetables,"1,524.00",330,1330,870,09-Sep-23,Monsoon,Saturday
Karnataka,Kolar,Kolar,Tomato,Vegetables,"1,182.00",330,1670,1070,10-Sep-23,Monsoon,Tuesday
Karnataka,Kolar,Kolar,Tomato,Vegetables,"1,970.00",330,1200,870,11-Sep-23,Monsoon,Friday
Karnataka,Kolar,Kolar,Tomato,Vegetables,"1,925.00",330,1070,670,12-Sep-23,Monsoon,Wednesday
Karnataka,Kolar,Kolar,Tomato,Vegetables,"2,026.00",300,1000,600,13-Sep-23,Monsoon,Saturday
Karnataka,Kolar,Kolar,Tomato,Vegetables,"1,688.00",300,1000,670,14-Sep-23,Monsoon,Sunday
Karnataka,Kolar,Kolar,Tomato,Vegetables,"1,715.00",300,800,530,15-Sep-23,Monsoon,Wednesday
Karnataka,Kolar,Kolar,Tomato,Vegetables,"1,529.00",300,870,600,16-Sep-23,Monsoon,Monday
Karnataka,Kolar,Kolar,Tomato,Vegetables,"1,472.00",330,1000,600,17-Sep-23,Monsoon,Thursday
Karnataka,Kolar,Kolar,Tomato,Vegetables,"1,349.00",330,1000,670,18-Sep-23,Monsoon,Wednesday
Karnataka,Kolar,Kolar,Tomato,Vegetables,"1,076.00",330,1270,730,19-Sep-23,Monsoon,Sunday
Karnataka,Kolar,Kolar,Tomato,Vegetables,"1,435.00",330,1000,670,20-Sep-23,Monsoon,Saturday
Karnataka,Kolar,Kolar,Tomato,Vegetables,"1,950.00",330,930,670,21-Sep-23,Monsoon,Thursday
Karnataka,Kolar,Kolar,Tomato,Vegetables,"1,741.00",300,800,530,22-Sep-23,Monsoon,Sunday
Karnataka,Kolar,Kolar,Tomato,Vegetables,"1,662.00",300,730,470,23-Sep-23,Monsoon,Monday
Karnataka,Kolar,Kolar,Tomato,Vegetables,"1,242.00",300,1000,670,24-Sep-23,Monsoon,Friday
Karnataka,Kolar,Kolar,Tomato,Vegetables,"1,339.00",330,1200,730,25-Sep-23,Monsoon,Monday
Karnataka,Kolar,Kolar,Tomato,Vegetables,"1,513.00",330,1200,800,26-Sep-23,Monsoon,Tuesday
Karnataka,Kolar,Kolar,Tomato,Vegetables,"1,513.00",330,1200,730,27-Sep-23,Monsoon,Monday
Karnataka,Kolar,Kolar,Tomato,Vegetables,"1,676.00",330,1200,730,28-Sep-23,Monsoon,Saturday
Karnataka,Kolar,Kolar,Tomato,Vegetables,"2,030.00",300,800,600,29-Sep-23,Monsoon,Sunday
Karnataka,Kolar,Kolar,Tomato,Vegetables,"1,763.00",330,930,600,30-Sep-23,Monsoon,Thursday
Karnataka,Kolar,Kolar,Tomato,Vegetables,"2,034.00",330,930,600,01-Oct-23,Winter,Monday
Karnataka,Kolar,Kolar,Tomato,Vegetables,"1,848.00",300,1000,670,02-Oct-23,Winter,Tuesday
Karnataka,Kolar,Kolar,Tomato,Vegetables,"1,844.00",300,1070,670,03-Oct-23,Winter,Monday
Karnataka,Kolar,Kolar,Tomato,Vegetables,"1,508.00",300,1070,670,04-Oct-23,Winter,Thursday
Karnataka,Kolar,Kolar,Tomato,Vegetables,"1,551.00",330,1000,670,05-Oct-23,Winter,Thursday
Karnataka,Kolar,Kolar,Tomato,Vegetables,"1,606.00",330,1200,670,06-Oct-23,Winter,Monday
Karnataka,Kolar,Kolar,Tomato,Vegetables,"1,738.00",330,1200,670,07-Oct-23,Winter,Saturday
Karnataka,Kolar,Kolar,Tomato,Vegetables,"1,466.00",300,1000,600,08-Oct-23,Winter,Monday
Karnataka,Kolar,Kolar,Tomato,Vegetables,"1,508.00",330,1270,730,09-Oct-23,Winter,Friday
Karnataka,Kolar,Kolar,Tomato,Vegetables,"1,389.00",330,1330,730,10-Oct-23,Winter,Thursday
Karnataka,Kolar,Kolar,Tomato,Vegetables,"1,528.00",330,1200,730,11-Oct-23,Winter,Sunday
Karnataka,Kolar,Kolar,Tomato,Vegetables,"1,488.00",330,1200,670,12-Oct-23,Winter,Monday
Karnataka,Kolar,Kolar,Tomato,Vegetables,"1,623.00",300,1200,670,13-Oct-23,Winter,Wednesday
Karnataka,Kolar,Kolar,Tomato,Vegetables,"1,323.00",330,1270,730,14-Oct-23,Winter,Tuesday
Karnataka,Kolar,Kolar,Tomato,Vegetables,"1,430.00",300,1330,730,15-Oct-23,Winter,Thursday
Karnataka,Kolar,Kolar,Tomato,Vegetables,"1,278.00",330,1330,730,16-Oct-23,Winter,Tuesday
Karnataka,Kolar,Kolar,Tomato,Vegetables,"1,559.00",330,1330,670,17-Oct-23,Winter,Saturday
Karnataka,Kolar,Kolar,Tomato,Vegetables,"1,531.00",330,1400,730,18-Oct-23,Winter,Wednesday
Karnataka,Kolar,Kolar,Tomato,Vegetables,"1,665.00",330,1270,670,19-Oct-23,Winter,Tuesday
Karnataka,Kolar,Kolar,Tomato,Vegetables,"1,472.00",330,1130,600,20-Oct-23,Winter,Friday
Karnataka,Kolar,Kolar,Tomato,Vegetables,"1,350.00",300,1130,600,21-Oct-23,Winter,Thursday
Karnataka,Kolar,Kolar,Tomato,Vegetables,"1,177.00",330,1270,670,22-Oct-23,Winter,Saturday
Karnataka,Kolar,Kolar,Tomato,Vegetables,633,330,1670,1000,24-Oct-23,Winter,Wednesday
Karnataka,Kolar,Kolar,Tomato,Vegetables,760,330,1800,930,25-Oct-23,Winter,Tuesday
Karnataka,Kolar,Kolar,Tomato,Vegetables,"1,161.00",330,1670,800,26-Oct-23,Winter,Friday
Karnataka,Kolar,Kolar,Tomato,Vegetables,"1,359.00",330,2330,1200,27-Oct-23,Winter,Thursday
Karnataka,Kolar,Kolar,Tomato,Vegetables,"1,113.00",330,2670,1330,28-Oct-23,Winter,Sunday
Karnataka,Kolar,Kolar,Tomato,Vegetables,"1,290.00",330,2670,1330,29-Oct-23,Winter,Thursday
Karnataka,Kolar,Kolar,Tomato,Vegetables,"1,269.00",330,1870,930,30-Oct-23,Winter,Thursday
Karnataka,Kolar,Kolar,Tomato,Vegetables,"1,230.00",330,2000,1000,31-Oct-23,Winter,Wednesday
Karnataka,Kolar,Kolar,Tomato,Vegetables,"1,071.00",330,2330,1130,01-Nov-23,Winter,Saturday
Karnataka,Kolar,Kolar,Tomato,Vegetables,"1,105.00",330,2270,1070,02-Nov-23,Winter,Thursday
Karnataka,Kolar,Kolar,Tomato,Vegetables,965,330,2400,1070,03-Nov-23,Winter,Tuesday
Karnataka,Kolar,Kolar,Tomato,Vegetables,"1,062.00",330,2530,1200,04-Nov-23,Winter,Saturday
Karnataka,Kolar,Kolar,Tomato,Vegetables,970,330,2670,1330,06-Nov-23,Winter,Friday
Karnataka,Kolar,Kolar,Tomato,Vegetables,"1,003.00",400,3000,1330,07-Nov-23,Winter,Monday
Karnataka,Kolar,Kolar,Tomato,Vegetables,"1,115.00",330,2800,1400,08-Nov-23,Winter,Monday
Karnataka,Kolar,Kolar,Tomato,Vegetables,"1,104.00",330,3000,1330,09-Nov-23,Winter,Wednesday
Karnataka,Kolar,Kolar,Tomato,Vegetables,"1,173.00",330,3200,1470,10-Nov-23,Winter,Tuesday
Karnataka,Kolar,Kolar,Tomato,Vegetables,"1,275.00",330,2670,1270,11-Nov-23,Winter,Sunday
Karnataka,Kolar,Kolar,Tomato,Vegetables,"1,203.00",330,2530,1200,12-Nov-23,Winter,Thursday
Karnataka,Kolar,Kolar,Tomato,Vegetables,834,400,3330,1330,13-Nov-23,Winter,Tuesday
Karnataka,Kolar,Kolar,Tomato,Vegetables,804,330,3460,1400,14-Nov-23,Winter,Wednesday
Karnataka,Kolar,Kolar,Tomato,Vegetables,"1,105.00",330,3200,1330,15-Nov-23,Winter,Friday
Karnataka,Kolar,Kolar,Tomato,Vegetables,"1,488.00",330,2870,1330,16-Nov-23,Winter,Tuesday
Karnataka,Kolar,Kolar,Tomato,Vegetables,"1,174.00",330,3000,1400,17-Nov-23,Winter,Thursday
Karnataka,Kolar,Kolar,Tomato,Vegetables,949,400,2930,1400,18-Nov-23,Winter,Saturday
Karnataka,Kolar,Kolar,Tomato,Vegetables,900,330,2800,1530,19-Nov-23,Winter,Wednesday
Karnataka,Kolar,Kolar,Tomato,Vegetables,927,400,2870,1530,20-Nov-23,Winter,Friday
Karnataka,Kolar,Kolar,Tomato,Vegetables,845,530,3200,1670,21-Nov-23,Winter,Monday
Karnataka,Kolar,Kolar,Tomato,Vegetables,"1,101.00",530,3330,1670,22-Nov-23,Winter,Saturday
Karnataka,Kolar,Kolar,Tomato,Vegetables,783,400,3060,1600,23-Nov-23,Winter,Sunday
Karnataka,Kolar,Kolar,Tomato,Vegetables,"1,020.00",400,3330,1670,24-Nov-23,Winter,Saturday
Karnataka,Kolar,Kolar,Tomato,Vegetables,972,400,3200,1530,25-Nov-23,Winter,Monday
Karnataka,Kolar,Kolar,Tomato,Vegetables,"1,206.00",400,3330,1600,26-Nov-23,Winter,Saturday
Karnataka,Kolar,Kolar,Tomato,Vegetables,942,530,2800,1470,27-Nov-23,Winter,Saturday
Karnataka,Kolar,Kolar,Tomato,Vegetables,"1,012.00",400,2670,1330,28-Nov-23,Winter,Saturday
Karnataka,Kolar,Kolar,Tomato,Vegetables,"1,033.00",530,2670,1330,29-Nov-23,Winter,Friday
Karnataka,Kolar,Kolar,Tomato,Vegetables,961,330,2800,1330,30-Nov-23,Winter,Sunday
Karnataka,Kolar,Kolar,Tomato,Vegetables,"1,049.00",330,2730,1400,01-Dec-23,Winter,Friday
Karnataka,Kolar,Kolar,Tomato,Vegetables,"1,056.00",330,2670,1330,02-Dec-23,Winter,Saturday
Karnataka,Kolar,Kolar,Tomato,Vegetables,"1,068.00",400,2670,1400,03-Dec-23,Winter,Thursday
Karnataka,Kolar,Kolar,Tomato,Vegetables,757,330,2730,1330,04-Dec-23,Winter,Saturday
Karnataka,Kolar,Kolar,Tomato,Vegetables,683,330,2800,1400,05-Dec-23,Winter,Wednesday
Karnataka,Kolar,Kolar,Tomato,Vegetables,850,400,2800,1330,06-Dec-23,Winter,Friday
Karnataka,Kolar,Kolar,Tomato,Vegetables,"1,064.00",330,2670,1400,07-Dec-23,Winter,Tuesday
Karnataka,Kolar,Kolar,Tomato,Vegetables,902,330,2330,1200,08-Dec-23,Winter,Thursday
Karnataka,Kolar,Kolar,Tomato,Vegetables,640,330,2330,1000,09-Dec-23,Winter,Sunday
Karnataka,Kolar,Kolar,Tomato,Vegetables,840,330,2000,1270,10-Dec-23,Winter,Friday
Karnataka,Kolar,Kolar,Tomato,Vegetables,845,330,2330,1200,11-Dec-23,Winter,Sunday
Karnataka,Kolar,Kolar,Tomato,Vegetables,659,330,2000,1130,12-Dec-23,Winter,Tuesday
Karnataka,Kolar,Kolar,Tomato,Vegetables,870,330,1870,1000,13-Dec-23,Winter,Monday
Karnataka,Kolar,Kolar,Tomato,Vegetables,811,330,1870,1000,14-Dec-23,Winter,Thursday
Karnataka,Kolar,Kolar,Tomato,Vegetables,740,330,1670,1000,15-Dec-23,Winter,Friday
Karnataka,Kolar,Kolar,Tomato,Vegetables,631,330,1670,1000,16-Dec-23,Winter,Tuesday
Karnataka,Kolar,Kolar,Tomato,Vegetables,639,330,1670,870,17-Dec-23,Winter,Thursday
Karnataka,Kolar,Kolar,Tomato,Vegetables,577,330,1670,1000,18-Dec-23,Winter,Saturday
Karnataka,Kolar,Kolar,Tomato,Vegetables,685,330,1870,1070,19-Dec-23,Winter,Sunday
Karnataka,Kolar,Kolar,Tomato,Vegetables,735,330,2000,1200,20-Dec-23,Winter,Tuesday
Karnataka,Kolar,Kolar,Tomato,Vegetables,694,330,2130,1200,21-Dec-23,Winter,Saturday
Karnataka,Kolar,Kolar,Tomato,Vegetables,722,330,2000,1270,22-Dec-23,Winter,Monday
Karnataka,Kolar,Kolar,Tomato,Vegetables,682,330,1870,1200,23-Dec-23,Winter,Saturday
Karnataka,Kolar,Kolar,Tomato,Vegetables,682,330,1870,1200,24-Dec-23,Winter,Sunday
Karnataka,Kolar,Kolar,Tomato,Vegetables,654,330,1870,1200,25-Dec-23,Winter,Tuesday
Karnataka,Kolar,Kolar,Tomato,Vegetables,696,330,2000,1200,26-Dec-23,Winter,Monday
Karnataka,Kolar,Kolar,Tomato,Vegetables,695,330,2000,1000,27-Dec-23,Winter,Sunday
Karnataka,Kolar,Kolar,Tomato,Vegetables,670,330,1870,1070,28-Dec-23,Winter,Saturday
Karnataka,Kolar,Kolar,Tomato,Vegetables,663,330,1870,1130,29-Dec-23,Winter,Thursday
Karnataka,Kolar,Kolar,Tomato,Vegetables,606,330,2000,1200,30-Dec-23,Winter,Sunday
Karnataka,Kolar,Kolar,Tomato,Vegetables,468,330,2670,1400,02-Jan-24,Winter,Sunday
Karnataka,Kolar,Kolar,Tomato,Vegetables,773,330,2330,1200,03-Jan-24,Winter,Tuesday
Karnataka,Kolar,Kolar,Tomato,Vegetables,769,330,2000,1270,04-Jan-24,Winter,Friday
Karnataka,Kolar,Kolar,Tomato,Vegetables,751,330,1930,1130,05-Jan-24,Winter,Thursday
Karnataka,Kolar,Kolar,Tomato,Vegetables,639,330,1930,1130,06-Jan-24,Winter,Friday
Karnataka,Kolar,Kolar,Tomato,Vegetables,673,330,1870,1070,07-Jan-24,Winter,Monday
Karnataka,Kolar,Kolar,Tomato,Vegetables,711,330,2000,1130,08-Jan-24,Winter,Tuesday
Karnataka,Kolar,Kolar,Tomato,Vegetables,591,330,1870,1070,09-Jan-24,Winter,Monday
Karnataka,Kolar,Kolar,Tomato,Vegetables,720,330,1870,1070,10-Jan-24,Winter,Saturday
Karnataka,Kolar,Kolar,Tomato,Vegetables,720,330,1870,1070,11-Jan-24,Winter,Sunday
Karnataka,Kolar,Kolar,Tomato,Vegetables,687,330,1800,1000,12-Jan-24,Winter,Tuesday
Karnataka,Kolar,Kolar,Tomato,Vegetables,770,330,1870,1000,13-Jan-24,Winter,Saturday
Karnataka,Kolar,Kolar,Tomato,Vegetables,608,330,1860,1000,14-Jan-24,Winter,Monday
Karnataka,Kolar,Kolar,Tomato,Vegetables,510,330,1930,1130,15-Jan-24,Winter,Monday
Karnataka,Kolar,Kolar,Tomato,Vegetables,372,330,1870,1000,16-Jan-24,Winter,Wednesday
Karnataka,Kolar,Kolar,Tomato,Vegetables,406,330,2000,1200,17-Jan-24,Winter,Wednesday
Karnataka,Kolar,Kolar,Tomato,Vegetables,829,330,1870,1130,19-Jan-24,Winter,Monday
Karnataka,Kolar,Kolar,Tomato,Vegetables,634,330,2000,1270,20-Jan-24,Winter,Friday
Karnataka,Kolar,Kolar,Tomato,Vegetables,642,330,1930,1130,21-Jan-24,Winter,Monday
Karnataka,Kolar,Kolar,Tomato,Vegetables,536,330,2000,1200,22-Jan-24,Winter,Sunday
Karnataka,Kolar,Kolar,Tomato,Vegetables,555,400,2200,1330,23-Jan-24,Winter,Saturday
Karnataka,Kolar,Kolar,Tomato,Vegetables,598,330,1870,1130,24-Jan-24,Winter,Sunday
Karnataka,Kolar,Kolar,Tomato,Vegetables,692,400,1930,1200,25-Jan-24,Winter,Thursday
Karnataka,Kolar,Kolar,Tomato,Vegetables,648,330,1860,1270,26-Jan-24,Winter,Saturday
Karnataka,Kolar,Kolar,Tomato,Vegetables,525,330,2000,1200,27-Jan-24,Winter,Wednesday
Karnataka,Kolar,Kolar,Tomato,Vegetables,558,330,2000,1200,28-Jan-24,Winter,Tuesday
Karnataka,Kolar,Kolar,Tomato,Vegetables,512,330,1870,1200,29-Jan-24,Winter,Tuesday
Karnataka,Kolar,Kolar,Tomato,Vegetables,542,330,2000,1270,30-Jan-24,Winter,Wednesday
Karnataka,Kolar,Kolar,Tomato,Vegetables,755,330,2130,1330,31-Jan-24,Winter,Friday
Karnataka,Kolar,Kolar,Tomato,Vegetables,578,400,2000,1270,01-Feb-24,Winter,Sunday
Karnataka,Kolar,Kolar,Tomato,Vegetables,683,330,2000,1200,02-Feb-24,Winter,Tuesday
Karnataka,Kolar,Kolar,Tomato,Vegetables,548,530,2800,1530,03-Feb-24,Winter,Sunday
Karnataka,Kolar,Kolar,Tomato,Vegetables,657,330,3000,1530,04-Feb-24,Winter,Sunday
Karnataka,Kolar,Kolar,Tomato,Vegetables,661,330,2000,1200,05-Feb-24,Winter,Wednesday
Karnataka,Kolar,Kolar,Tomato,Vegetables,642,330,2400,1270,06-Feb-24,Winter,Wednesday
Karnataka,Kolar,Kolar,Tomato,Vegetables,648,330,2000,1330,07-Feb-24,Winter,Sunday
Karnataka,Kolar,Kolar,Tomato,Vegetables,628,330,1870,1070,08-Feb-24,Winter,Sunday
Karnataka,Kolar,Kolar,Tomato,Vegetables,618,330,1870,1070,09-Feb-24,Winter,Sunday
Karnataka,Kolar,Kolar,Tomato,Vegetables,640,330,1670,1070,10-Feb-24,Winter,Saturday
Karnataka,Kolar,Kolar,Tomato,Vegetables,535,330,2000,1070,11-Feb-24,Winter,Saturday
Karnataka,Kolar,Kolar,Tomato,Vegetables,704,330,1870,930,12-Feb-24,Winter,Thursday
Karnataka,Kolar,Kolar,Tomato,Vegetables,710,330,1670,930,13-Feb-24,Winter,Sunday
Karnataka,Kolar,Kolar,Tomato,Vegetables,723,300,1330,730,14-Feb-24,Winter,Tuesday
Karnataka,Kolar,Kolar,Tomato,Vegetables,623,300,1330,730,15-Feb-24,Winter,Thursday
Karnataka,Kolar,Kolar,Tomato,Vegetables,600,300,1330,800,16-Feb-24,Winter,Wednesday
Karnataka,Kolar,Kolar,Tomato,Vegetables,656,300,1330,730,17-Feb-24,Winter,Friday
Karnataka,Kolar,Kolar,Tomato,Vegetables,655,330,1330,800,18-Feb-24,Winter,Wednesday
Karnataka,Kolar,Kolar,Tomato,Vegetables,456,300,1460,800,19-Feb-24,Winter,Tuesday
Karnataka,Kolar,Kolar,Tomato,Vegetables,731,330,1460,730,20-Feb-24,Winter,Sunday
Karnataka,Kolar,Kolar,Tomato,Vegetables,749,300,1330,800,21-Feb-24,Winter,Wednesday
Karnataka,Kolar,Kolar,Tomato,Vegetables,705,330,1200,670,22-Feb-24,Winter,Friday
Karnataka,Kolar,Kolar,Tomato,Vegetables,635,330,1200,670,23-Feb-24,Winter,Sunday
Karnataka,Kolar,Kolar,Tomato,Vegetables,679,300,1200,670,24-Feb-24,Winter,Wednesday
Karnataka,Kolar,Kolar,Tomato,Vegetables,581,300,1330,800,25-Feb-24,Winter,Tuesday
Karnataka,Kolar,Kolar,Tomato,Vegetables,635,300,1470,870,26-Feb-24,Winter,Saturday
Karnataka,Kolar,Kolar,Tomato,Vegetables,579,330,1470,870,27-Feb-24,Winter,Monday
Karnataka,Kolar,Kolar,Tomato,Vegetables,840,330,1330,800,28-Feb-24,Winter,Thursday
Karnataka,Kolar,Kolar,Tomato,Vegetables,719,300,1000,670,29-Feb-24,Winter,Thursday
Karnataka,Kolar,Kolar,Tomato,Vegetables,595,300,1000,670,01-Mar-24,Summer,Wednesday
Karnataka,Kolar,Kolar,Tomato,Vegetables,522,330,1330,800,02-Mar-24,Summer,Friday
Karnataka,Kolar,Kolar,Tomato,Vegetables,614,300,1330,730,03-Mar-24,Summer,Thursday
Karnataka,Kolar,Kolar,Tomato,Vegetables,542,330,1530,870,04-Mar-24,Summer,Tuesday
Karnataka,Kolar,Kolar,Tomato,Vegetables,611,330,1670,1070,05-Mar-24,Summer,Wednesday
Karnataka,Kolar,Kolar,Tomato,Vegetables,685,330,1670,800,06-Mar-24,Summer,Saturday
Karnataka,Kolar,Kolar,Tomato,Vegetables,655,330,1670,800,07-Mar-24,Summer,Thursday
Karnataka,Kolar,Kolar,Tomato,Vegetables,599,330,1670,870,08-Mar-24,Summer,Tuesday
Karnataka,Kolar,Kolar,Tomato,Vegetables,488,330,2000,1270,09-Mar-24,Summer,Thursday
Karnataka,Kolar,Kolar,Tomato,Vegetables,344,330,2330,1460,10-Mar-24,Summer,Wednesday
Karnataka,Kolar,Kolar,Tomato,Vegetables,714,300,1870,1000,11-Mar-24,Summer,Wednesday
Karnataka,Kolar,Kolar,Tomato,Vegetables,703,300,1670,800,12-Mar-24,Summer,Wednesday
Karnataka,Kolar,Kolar,Tomato,Vegetables,699,300,1670,870,13-Mar-24,Summer,Tuesday
Karnataka,Kolar,Kolar,Tomato,Vegetables,570,330,1870,930,14-Mar-24,Summer,Wednesday
Karnataka,Kolar,Kolar,Tomato,Vegetables,564,300,1730,870,15-Mar-24,Summer,Saturday
Karnataka,Kolar,Kolar,Tomato,Vegetables,556,300,1670,800,16-Mar-24,Summer,Sunday
Karnataka,Kolar,Kolar,Tomato,Vegetables,679,330,1730,1070,17-Mar-24,Summer,Thursday
Karnataka,Kolar,Kolar,Tomato,Vegetables,485,330,1870,1200,18-Mar-24,Summer,Sunday
Karnataka,Kolar,Kolar,Tomato,Vegetables,587,330,1870,1070,19-Mar-24,Summer,Thursday
Karnataka,Kolar,Kolar,Tomato,Vegetables,567,330,1470,800,20-Mar-24,Summer,Sunday
Karnataka,Kolar,Kolar,Tomato,Vegetables,621,330,1470,800,21-Mar-24,Summer,Wednesday
Karnataka,Kolar,Kolar,Tomato,Vegetables,481,330,1330,730,22-Mar-24,Summer,Saturday
Karnataka,Kolar,Kolar,Tomato,Vegetables,498,300,1460,800,23-Mar-24,Summer,Friday
Karnataka,Kolar,Kolar,Tomato,Vegetables,517,300,1330,800,24-Mar-24,Summer,Wednesday
Karnataka,Kolar,Kolar,Tomato,Vegetables,561,300,1330,800,25-Mar-24,Summer,Wednesday
Karnataka,Kolar,Kolar,Tomato,Vegetables,394,330,1670,800,26-Mar-24,Summer,Friday
Karnataka,Kolar,Kolar,Tomato,Vegetables,473,330,1670,930,27-Mar-24,Summer,Tuesday
Karnataka,Kolar,Kolar,Tomato,Vegetables,477,330,1730,930,28-Mar-24,Summer,Thursday
Karnataka,Kolar,Kolar,Tomato,Vegetables,465,330,1870,1000,29-Mar-24,Summer,Thursday
Karnataka,Kolar,Kolar,Tomato,Vegetables,389,330,1870,1000,30-Mar-24,Summer,Wednesday
Karnataka,Kolar,Kolar,Tomato,Vegetables,476,330,2000,1200,31-Mar-24,Summer,Wednesday
Karnataka,Kolar,Kolar,Tomato,Vegetables,376,330,2000,1130,01-Apr-24,Summer,Friday
Karnataka,Kolar,Kolar,Tomato,Vegetables,516,330,2330,1270,02-Apr-24,Summer,Monday
Karnataka,Kolar,Kolar,Tomato,Vegetables,449,330,2530,1330,03-Apr-24,Summer,Thursday
Karnataka,Kolar,Kolar,Tomato,Vegetables,549,330,2330,1270,04-Apr-24,Summer,Monday
Karnataka,Kolar,Kolar,Tomato,Vegetables,456,330,2330,1200,05-Apr-24,Summer,Wednesday
Karnataka,Kolar,Kolar,Tomato,Vegetables,502,330,2000,1000,06-Apr-24,Summer,Monday
Karnataka,Kolar,Kolar,Tomato,Vegetables,441,330,2000,1200,08-Apr-24,Summer,Thursday
Karnataka,Kolar,Kolar,Tomato,Vegetables,737,330,1330,670,14-Apr-24,Summer,Wednesday
Karnataka,Kolar,Kolar,Tomato,Vegetables,574,330,1330,670,15-Apr-24,Summer,Friday
Karnataka,Kolar,Kolar,Tomato,Vegetables,671,330,1200,670,16-Apr-24,Summer,Sunday
Karnataka,Kolar,Kolar,Tomato,Vegetables,665,330,1330,670,17-Apr-24,Summer,Friday
Karnataka,Kolar,Kolar,Tomato,Vegetables,525,330,1460,800,18-Apr-24,Summer,Tuesday
Karnataka,Kolar,Kolar,Tomato,Vegetables,636,330,1530,860,19-Apr-24,Summer,Monday
Karnataka,Kolar,Kolar,Tomato,Vegetables,726,330,1530,860,20-Apr-24,Summer,Friday
Karnataka,Kolar,Kolar,Tomato,Vegetables,609,330,2130,1060,21-Apr-24,Summer,Tuesday
Karnataka,Kolar,Kolar,Tomato,Vegetables,642,330,2330,1200,22-Apr-24,Summer,Tuesday
Karnataka,Kolar,Kolar,Tomato,Vegetables,836,330,1670,1060,23-Apr-24,Summer,Wednesday
Karnataka,Kolar,Kolar,Tomato,Vegetables,761,330,1670,1060,24-Apr-24,Summer,Wednesday
Karnataka,Kolar,Kolar,Tomato,Vegetables,682,330,1670,1200,25-Apr-24,Summer,Friday
Karnataka,Kolar,Kolar,Tomato,Vegetables,684,330,1800,1270,26-Apr-24,Summer,Friday
Karnataka,Kolar,Kolar,Tomato,Vegetables,546,330,1870,1200,27-Apr-24,Summer,Friday
Karnataka,Kolar,Kolar,Tomato,Vegetables,881,330,1730,1130,28-Apr-24,Summer,Friday
Karnataka,Kolar,Kolar,Tomato,Vegetables,724,330,1730,1130,29-Apr-24,Summer,Wednesday
Karnataka,Kolar,Kolar,Tomato,Vegetables,848,330,1730,1070,30-Apr-24,Summer,Wednesday
Karnataka,Kolar,Kolar,Tomato,Vegetables,813,330,1670,1200,01-May-24,Summer,Friday
Karnataka,Kolar,Kolar,Tomato,Vegetables,935,330,1670,1000,02-May-24,Summer,Monday
Karnataka,Kolar,Kolar,Tomato,Vegetables,820,330,1670,1070,03-May-24,Summer,Thursday
Karnataka,Kolar,Kolar,Tomato,Vegetables,786,330,1730,1130,04-May-24,Summer,Monday
Karnataka,Kolar,Kolar,Tomato,Vegetables,935,330,1530,800,05-May-24,Summer,Sunday
Karnataka,Kolar,Kolar,Tomato,Vegetables,942,330,1530,870,06-May-24,Summer,Friday
Karnataka,Kolar,Kolar,Tomato,Vegetables,849,330,1600,870,07-May-24,Summer,Thursday
Karnataka,Kolar,Kolar,Tomato,Vegetables,896,330,1470,730,08-May-24,Summer,Tuesday
Karnataka,Kolar,Kolar,Tomato,Vegetables,638,330,1670,930,09-May-24,Summer,Wednesday
Karnataka,Kolar,Kolar,Tomato,Vegetables,"1,293.00",330,1600,800,10-May-24,Summer,Saturday
Karnataka,Kolar,Kolar,Tomato,Vegetables,982,330,1530,800,11-May-24,Summer,Wednesday
Karnataka,Kolar,Kolar,Tomato,Vegetables,"1,181.00",330,1670,930,12-May-24,Summer,Sunday
Karnataka,Kolar,Kolar,Tomato,Vegetables,848,330,1600,870,13-May-24,Summer,Tuesday
Karnataka,Kolar,Kolar,Tomato,Vegetables,"1,006.00",330,1530,800,14-May-24,Summer,Wednesday
Karnataka,Kolar,Kolar,Tomato,Vegetables,820,330,1670,800,15-May-24,Summer,Wednesday
Karnataka,Kolar,Kolar,Tomato,Vegetables,"1,014.00",330,1730,800,16-May-24,Summer,Wednesday
Karnataka,Kolar,Kolar,Tomato,Vegetables,824,330,1800,870,17-May-24,Summer,Saturday
Karnataka,Kolar,Kolar,Tomato,Vegetables,778,330,2000,1200,18-May-24,Summer,Wednesday
Karnataka,Kolar,Kolar,Tomato,Vegetables,727,330,2530,1200,19-May-24,Summer,Saturday
Karnataka,Kolar,Kolar,Tomato,Vegetables,800,330,3000,1530,20-May-24,Summer,Monday
Karnataka,Kolar,Kolar,Tomato,Vegetables,863,533,3530,1800,21-May-24,Summer,Thursday
Karnataka,Kolar,Kolar,Tomato,Vegetables,966,330,3200,1600,22-May-24,Summer,Wednesday
Karnataka,Kolar,Kolar,Tomato,Vegetables,918,400,3200,1870,24-May-24,Summer,Sunday
Karnataka,Kolar,Kolar,Tomato,Vegetables,853,400,3330,1930,25-May-24,Summer,Sunday
Karnataka,Kolar,Kolar,Tomato,Vegetables,945,530,4000,2000,26-May-24,Summer,Thursday
Karnataka,Kolar,Kolar,Tomato,Vegetables,770,530,4000,2000,27-May-24,Summer,Sunday
Karnataka,Kolar,Kolar,Tomato,Vegetables,"1,108.00",330,3200,1530,28-May-24,Summer,Saturday
Karnataka,Kolar,Kolar,Tomato,Vegetables,"1,056.00",330,2800,1330,29-May-24,Summer,Sunday
Karnataka,Kolar,Kolar,Tomato,Vegetables,"1,034.00",330,2670,1470,30-May-24,Summer,Sunday
Karnataka,Kolar,Kolar,Tomato,Vegetables,827,330,2860,1460,31-May-24,Summer,Sunday
Karnataka,Kolar,Kolar,Tomato,Vegetables,866,330,2860,1460,01-Jun-24,Monsoon,Friday
Karnataka,Kolar,Kolar,Tomato,Vegetables,788,330,3200,1600,02-Jun-24,Monsoon,Tuesday
Karnataka,Kolar,Kolar,Tomato,Vegetables,747,400,3330,1660,03-Jun-24,Monsoon,Monday
Karnataka,Kolar,Kolar,Tomato,Vegetables,842,530,4000,2000,04-Jun-24,Monsoon,Saturday
Karnataka,Kolar,Kolar,Tomato,Vegetables,993,530,4330,2130,05-Jun-24,Monsoon,Thursday
Karnataka,Kolar,Kolar,Tomato,Vegetables,850,530,4670,2330,06-Jun-24,Monsoon,Saturday
Karnataka,Kolar,Kolar,Tomato,Vegetables,"1,217.00",400,4000,2000,07-Jun-24,Monsoon,Monday
Karnataka,Kolar,Kolar,Tomato,Vegetables,888,400,4000,2000,08-Jun-24,Monsoon,Saturday
Karnataka,Kolar,Kolar,Tomato,Vegetables,936,530,4330,2200,09-Jun-24,Monsoon,Tuesday
Karnataka,Kolar,Kolar,Tomato,Vegetables,888,530,4330,2330,10-Jun-24,Monsoon,Sunday
Karnataka,Kolar,Kolar,Tomato,Vegetables,"1,084.00",530,5000,2670,11-Jun-24,Monsoon,Wednesday
Karnataka,Kolar,Kolar,Tomato,Vegetables,994,530,4670,2530,12-Jun-24,Monsoon,Friday
Karnataka,Kolar,Kolar,Tomato,Vegetables,"1,056.00",530,4530,2330,13-Jun-24,Monsoon,Monday
Karnataka,Kolar,Kolar,Tomato,Vegetables,803,400,5000,2530,14-Jun-24,Monsoon,Tuesday
Karnataka,Kolar,Kolar,Tomato,Vegetables,"1,037.00",530,5330,2660,15-Jun-24,Monsoon,Wednesday
Karnataka,Kolar,Kolar,Tomato,Vegetables,742,2000,6000,4000,17-Jun-24,Monsoon,Sunday
Karnataka,Kolar,Kolar,Tomato,Vegetables,913,2667,6667,4667,18-Jun-24,Monsoon,Saturday
Karnataka,Kolar,Kolar,Tomato,Vegetables,"1,395.00",2667,6667,5067,19-Jun-24,Monsoon,Saturday
Karnataka,Kolar,Kolar,Tomato,Vegetables,"1,480.00",2667,7000,4834,20-Jun-24,Monsoon,Sunday
Karnataka,Kolar,Kolar,Tomato,Vegetables,"1,520.00",2667,6133,4400,21-Jun-24,Monsoon,Thursday
Karnataka,Kolar,Kolar,Tomato,Vegetables,"1,353.00",2333,5667,4000,22-Jun-24,Monsoon,Monday
Karnataka,Kolar,Kolar,Tomato,Vegetables,"1,605.00",2667,5467,4067,23-Jun-24,Monsoon,Sunday
Karnataka,Kolar,Kolar,Tomato,Vegetables,"1,598.00",2333,5000,3667,24-Jun-24,Monsoon,Thursday
Karnataka,Kolar,Kolar,Tomato,Vegetables,"1,734.00",2000,5067,3467,25-Jun-24,Monsoon,Friday
Karnataka,Kolar,Kolar,Tomato,Vegetables,"1,634.00",1667,4400,2867,26-Jun-24,Monsoon,Friday
Karnataka,Kolar,Kolar,Tomato,Vegetables,"1,880.00",1533,4333,2667,27-Jun-24,Monsoon,Friday
Karnataka,Kolar,Kolar,Tomato,Vegetables,"1,907.00",1667,4467,2667,28-Jun-24,Monsoon,Sunday
Karnataka,Kolar,Kolar,Tomato,Vegetables,"2,169.00",2000,4333,2733,29-Jun-24,Monsoon,Monday
Karnataka,Kolar,Kolar,Tomato,Vegetables,"2,198.00",2000,4333,3200,30-Jun-24,Monsoon,Tuesday
Karnataka,Kolar,Kolar,Tomato,Vegetables,"2,373.00",2000,4267,3133,01-Jul-24,Monsoon,Friday
Karnataka,Kolar,Kolar,Tomato,Vegetables,"2,524.00",2333,4533,3067,02-Jul-24,Monsoon,Sunday
Karnataka,Kolar,Kolar,Tomato,Vegetables,"2,730.00",1660,4530,3000,03-Jul-24,Monsoon,Monday
Karnataka,Kolar,Kolar,Tomato,Vegetables,"2,751.00",1660,4530,3000,04-Jul-24,Monsoon,Wednesday
Karnataka,Kolar,Kolar,Tomato,Vegetables,"2,822.00",1670,4670,3200,05-Jul-24,Monsoon,Saturday
Karnataka,Kolar,Kolar,Tomato,Vegetables,"2,593.00",2000,5000,3300,06-Jul-24,Monsoon,Wednesday
Karnataka,Kolar,Kolar,Tomato,Vegetables,"2,940.00",2000,5200,3460,07-Jul-24,Monsoon,Wednesday
Karnataka,Kolar,Kolar,Tomato,Vegetables,"2,750.00",2000,5330,3460,08-Jul-24,Monsoon,Tuesday
Karnataka,Kolar,Kolar,Tomato,Vegetables,"2,608.00",2000,5330,3460,09-Jul-24,Monsoon,Thursday
Karnataka,Kolar,Kolar,Tomato,Vegetables,"2,675.00",2000,5330,3330,10-Jul-24,Monsoon,Saturday
Karnataka,Kolar,Kolar,Tomato,Vegetables,"2,448.00",2000,5200,3330,11-Jul-24,Monsoon,Thursday
Karnataka,Kolar,Kolar,Tomato,Vegetables,"2,297.00",2130,5670,3470,12-Jul-24,Monsoon,Wednesday
Karnataka,Kolar,Kolar,Tomato,Vegetables,"2,130.00",200,6330,4000,13-Jul-24,Monsoon,Saturday
Karnataka,Kolar,Kolar,Tomato,Vegetables,"2,439.00",2330,6330,3460,14-Jul-24,Monsoon,Wednesday
Karnataka,Kolar,Kolar,Tomato,Vegetables,"2,410.00",2000,6400,3530,15-Jul-24,Monsoon,Sunday
Karnataka,Kolar,Kolar,Tomato,Vegetables,"2,101.00",2670,7330,4660,16-Jul-24,Monsoon,Thursday
Karnataka,Kolar,Kolar,Tomato,Vegetables,"3,090.00",2000,6000,3660,17-Jul-24,Monsoon,Sunday
Karnataka,Kolar,Kolar,Tomato,Vegetables,"2,950.00",2000,6000,3530,18-Jul-24,Monsoon,Thursday
Karnataka,Kolar,Kolar,Tomato,Vegetables,"2,431.00",2000,6330,3660,19-Jul-24,Monsoon,Tuesday
Karnataka,Kolar,Kolar,Tomato,Vegetables,"2,688.00",2333,6667,4133,20-Jul-24,Monsoon,Sunday
Karnataka,Kolar,Kolar,Tomato,Vegetables,"3,000.00",2000,6000,3670,21-Jul-24,Monsoon,Friday
Karnataka,Kolar,Kolar,Tomato,Vegetables,"3,013.00",2000,6000,3460,22-Jul-24,Monsoon,Sunday
Karnataka,Kolar,Kolar,Tomato,Vegetables,"3,089.00",1670,5330,2670,23-Jul-24,Monsoon,Saturday
Karnataka,Kolar,Kolar,Tomato,Vegetables,"3,409.00",1330,4670,2530,24-Jul-24,Monsoon,Saturday
Karnataka,Kolar,Kolar,Tomato,Vegetables,"3,477.00",530,3133,1460,25-Jul-24,Monsoon,Tuesday
Karnataka,Kolar,Kolar,Tomato,Vegetables,"3,151.00",530,3330,1670,26-Jul-24,Monsoon,Tuesday
Karnataka,Kolar,Kolar,Tomato,Vegetables,"3,010.00",400,3330,1870,27-Jul-24,Monsoon,Saturday
Karnataka,Kolar,Kolar,Tomato,Vegetables,"3,226.00",530,3670,2000,28-Jul-24,Monsoon,Saturday
Karnataka,Kolar,Kolar,Tomato,Vegetables,"3,079.00",530,3670,2000,29-Jul-24,Monsoon,Thursday
Karnataka,Kolar,Kolar,Tomato,Vegetables,"3,535.00",330,2670,1330,30-Jul-24,Monsoon,Wednesday
Karnataka,Kolar,Kolar,Tomato,Vegetables,"3,278.00",330,2670,1330,31-Jul-24,Monsoon,Monday
Karnataka,Kolar,Kolar,Tomato,Vegetables,"3,393.00",330,2870,1400,01-Aug-24,Monsoon,Friday
Karnataka,Kolar,Kolar,Tomato,Vegetables,"3,061.00",330,2000,1200,02-Aug-24,Monsoon,Tuesday
Karnataka,Kolar,Kolar,Tomato,Vegetables,"3,443.00",330,2000,1200,03-Aug-24,Monsoon,Monday
Karnataka,Kolar,Kolar,Tomato,Vegetables,"3,070.00",330,2530,1330,04-Aug-24,Monsoon,Wednesday
Karnataka,Kolar,Kolar,Tomato,Vegetables,"3,245.00",330,2670,1460,05-Aug-24,Monsoon,Sunday
Karnataka,Kolar,Kolar,Tomato,Vegetables,"3,150.00",330,2670,1330,06-Aug-24,Monsoon,Monday
Karnataka,Kolar,Kolar,Tomato,Vegetables,"3,343.00",330,2800,1400,07-Aug-24,Monsoon,Thursday
Karnataka,Kolar,Kolar,Tomato,Vegetables,"3,299.00",330,2670,1330,08-Aug-24,Monsoon,Tuesday
Karnataka,Kolar,Kolar,Tomato,Vegetables,"3,203.00",300,2670,1330,09-Aug-24,Monsoon,Thursday
Karnataka,Kolar,Kolar,Tomato,Vegetables,"3,084.00",300,2800,1400,10-Aug-24,Monsoon,Friday
Karnataka,Kolar,Kolar,Tomato,Vegetables,"2,870.00",330,2860,1400,11-Aug-24,Monsoon,Tuesday
Karnataka,Kolar,Kolar,Tomato,Vegetables,"3,302.00",300,2530,1200,12-Aug-24,Monsoon,Wednesday
Karnataka,Kolar,Kolar,Tomato,Vegetables,"2,785.00",300,2660,1270,13-Aug-24,Monsoon,Friday
Karnataka,Kolar,Kolar,Tomato,Vegetables,"3,215.00",300,2530,1260,14-Aug-24,Monsoon,Friday
Karnataka,Kolar,Kolar,Tomato,Vegetables,"3,199.00",330,2670,1330,15-Aug-24,Monsoon,Wednesday
Karnataka,Kolar,Kolar,Tomato,Vegetables,"2,761.00",300,2670,1330,16-Aug-24,Monsoon,Thursday
Karnataka,Kolar,Kolar,Tomato,Vegetables,"2,463.00",330,2530,1200,17-Aug-24,Monsoon,Friday
Karnataka,Kolar,Kolar,Tomato,Vegetables,"3,033.00",300,2330,1200,18-Aug-24,Monsoon,Monday
Karnataka,Kolar,Kolar,Tomato,Vegetables,"3,436.00",330,2330,1200,19-Aug-24,Monsoon,Sunday
Karnataka,Kolar,Kolar,Tomato,Vegetables,"2,868.00",300,2330,1200,20-Aug-24,Monsoon,Monday
Karnataka,Kolar,Kolar,Tomato,Vegetables,"2,565.00",300,2000,1130,21-Aug-24,Monsoon,Tuesday
Karnataka,Kolar,Kolar,Tomato,Vegetables,"2,865.00",300,2000,1200,22-Aug-24,Monsoon,Sunday
Karnataka,Kolar,Kolar,Tomato,Vegetables,"2,417.00",300,2000,1130,23-Aug-24,Monsoon,Monday
Karnataka,Kolar,Kolar,Tomato,Vegetables,"2,560.00",330,2000,1200,24-Aug-24,Monsoon,Monday
Karnataka,Kolar,Kolar,Tomato,Vegetables,"2,338.00",330,2200,1260,25-Aug-24,Monsoon,Thursday
Karnataka,Kolar,Kolar,Tomato,Vegetables,"2,520.00",300,2260,1260,26-Aug-24,Monsoon,Saturday
Karnataka,Kolar,Kolar,Tomato,Vegetables,"2,400.00",330,2330,1260,27-Aug-24,Monsoon,Saturday
Karnataka,Kolar,Kolar,Tomato,Vegetables,"2,632.00",330,2000,1130,28-Aug-24,Monsoon,Friday
Karnataka,Kolar,Kolar,Tomato,Vegetables,"2,080.00",330,2330,1330,29-Aug-24,Monsoon,Wednesday
Karnataka,Kolar,Kolar,Tomato,Vegetables,"2,017.00",300,2000,1200,30-Aug-24,Monsoon,Friday
Karnataka,Kolar,Kolar,Tomato,Vegetables,"1,910.00",330,2130,1260,31-Aug-24,Monsoon,Monday
Karnataka,Kolar,Kolar,Tomato,Vegetables,"1,378.00",330,2530,1330,01-Sep-24,Monsoon,Friday
Karnataka,Kolar,Kolar,Tomato,Vegetables,"1,803.00",330,2330,1330,02-Sep-24,Monsoon,Wednesday
Karnataka,Kolar,Kolar,Tomato,Vegetables,"1,975.00",330,2330,1330,03-Sep-24,Monsoon,Sunday
Karnataka,Kolar,Kolar,Tomato,Vegetables,"1,781.00",330,2530,1400,04-Sep-24,Monsoon,Saturday
Karnataka,Kolar,Kolar,Tomato,Vegetables,"2,001.00",330,2670,1400,05-Sep-24,Monsoon,Thursday
Karnataka,Kolar,Kolar,Tomato,Vegetables,"2,147.00",330,2000,1200,06-Sep-24,Monsoon,Sunday
Karnataka,Kolar,Kolar,Tomato,Vegetables,"1,970.00",330,2330,1330,07-Sep-24,Monsoon,Saturday
Karnataka,Kolar,Kolar,Tomato,Vegetables,"1,324.00",330,2330,1330,08-Sep-24,Monsoon,Wednesday
Karnataka,Kolar,Kolar,Tomato,Vegetables,"1,655.00",330,2200,1200,09-Sep-24,Monsoon,Sunday
Karnataka,Kolar,Kolar,Tomato,Vegetables,"1,825.00",330,2000,1130,10-Sep-24,Monsoon,Sunday
Karnataka,Kolar,Kolar,Hybrid,Vegetables,"1,440.00",330,2330,1260,11-Sep-24,Monsoon,Wednesday
Karnataka,Kolar,Kolar,Tomato,Vegetables,"1,417.00",330,2660,1460,12-Sep-24,Monsoon,Sunday
Karnataka,Kolar,Kolar,Tomato,Vegetables,"1,605.00",330,2800,1460,13-Sep-24,Monsoon,Friday
Karnataka,Kolar,Kolar,Tomato,Vegetables,"1,383.00",330,2870,1460,14-Sep-24,Monsoon,Tuesday
Karnataka,Kolar,Kolar,Tomato,Vegetables,"1,287.00",330,3200,1670,16-Sep-24,Monsoon,Wednesday
Karnataka,Kolar,Kolar,Tomato,Vegetables,"1,521.00",330,3460,1660,17-Sep-24,Monsoon,Friday
Karnataka,Kolar,Kolar,Tomato,Vegetables,"1,259.00",530,4000,1860,18-Sep-24,Monsoon,Wednesday
Karnataka,Kolar,Kolar,Tomato,Vegetables,"1,378.00",530,3860,1930,19-Sep-24,Monsoon,Saturday
Karnataka,Kolar,Kolar,Tomato,Vegetables,"1,352.00",400,3670,1670,20-Sep-24,Monsoon,Sunday
Karnataka,Kolar,Kolar,Tomato,Vegetables,"1,510.00",530,4330,2000,21-Sep-24,Monsoon,Saturday
Karnataka,Kolar,Kolar,Tomato,Vegetables,"1,230.00",530,4660,2000,22-Sep-24,Monsoon,Thursday
Karnataka,Kolar,Kolar,Tomato,Vegetables,"1,466.00",530,4660,2000,23-Sep-24,Monsoon,Tuesday
Karnataka,Kolar,Kolar,Tomato,Vegetables,"1,390.00",530,4330,1800,24-Sep-24,Monsoon,Friday
Karnataka,Kolar,Kolar,Tomato,Vegetables,"1,471.00",460,4000,1660,25-Sep-24,Monsoon,Wednesday
Karnataka,Kolar,Kolar,Tomato,Vegetables,"1,161.00",400,4000,1660,26-Sep-24,Monsoon,Saturday
Karnataka,Kolar,Kolar,Tomato,Vegetables,"1,440.00",400,4130,2000,27-Sep-24,Monsoon,Sunday
Karnataka,Kolar,Kolar,Tomato,Vegetables,"1,197.00",400,4660,2260,28-Sep-24,Monsoon,Tuesday
Karnataka,Kolar,Kolar,Tomato,Vegetables,"1,296.00",530,4800,2330,29-Sep-24,Monsoon,Sunday
Karnataka,Kolar,Kolar,Tomato,Vegetables,"1,070.00",660,5330,2660,30-Sep-24,Monsoon,Friday
Karnataka,Kolar,Kolar,Tomato,Vegetables,"1,511.00",670,6000,2660,01-Oct-24,Winter,Sunday
Karnataka,Kolar,Kolar,Tomato,Vegetables,"1,009.00",530,5860,2600,02-Oct-24,Winter,Friday
Karnataka,Kolar,Kolar,Tomato,Vegetables,"1,155.00",530,6000,2660,03-Oct-24,Winter,Thursday
Karnataka,Kolar,Kolar,Tomato,Vegetables,"1,188.00",660,6330,2660,04-Oct-24,Winter,Saturday
Karnataka,Kolar,Kolar,Tomato,Vegetables,"1,248.00",660,6660,2860,05-Oct-24,Winter,Saturday
Karnataka,Kolar,Kolar,Tomato,Vegetables,"1,063.00",660,6660,2860,06-Oct-24,Winter,Monday
Karnataka,Kolar,Kolar,Tomato,Vegetables,"1,646.00",530,6000,2660,07-Oct-24,Winter,Saturday
Karnataka,Kolar,Kolar,Tomato,Vegetables,"1,320.00",530,5000,2330,08-Oct-24,Winter,Monday
Karnataka,Kolar,Kolar,Tomato,Vegetables,"1,432.00",530,4660,2130,09-Oct-24,Winter,Friday
Karnataka,Kolar,Kolar,Tomato,Vegetables,"1,254.00",530,4330,2000,10-Oct-24,Winter,Monday
Karnataka,Kolar,Kolar,Tomato,Vegetables,"1,269.00",530,4330,2000,11-Oct-24,Winter,Friday
Karnataka,Kolar,Kolar,Tomato,Vegetables,923,660,4660,2130,12-Oct-24,Winter,Wednesday
Karnataka,Kolar,Kolar,Tomato,Vegetables,"1,102.00",660,5000,2330,13-Oct-24,Winter,Monday
Karnataka,Kolar,Kolar,Tomato,Vegetables,"1,045.00",530,4660,2130,14-Oct-24,Winter,Thursday
Karnataka,Kolar,Kolar,Tomato,Vegetables,"1,128.00",530,4660,2130,15-Oct-24,Winter,Friday
Karnataka,Kolar,Kolar,Tomato,Vegetables,"1,016.00",400,4330,2000,16-Oct-24,Winter,Friday
Karnataka,Kolar,Kolar,Tomato,Vegetables,788,400,4660,2060,17-Oct-24,Winter,Wednesday
Karnataka,Kolar,Kolar,Tomato,Vegetables,"1,668.00",330,4330,2000,18-Oct-24,Winter,Thursday
Karnataka,Kolar,Kolar,Tomato,Vegetables,"1,354.00",330,4330,2000,19-Oct-24,Winter,Tuesday
Karnataka,Kolar,Kolar,Tomato,Vegetables,"1,067.00",530,4670,2200,20-Oct-24,Winter,Wednesday
Karnataka,Kolar,Kolar,Tomato,Vegetables,"1,307.00",530,4330,2000,21-Oct-24,Winter,Wednesday
Karnataka,Kolar,Kolar,Tomato,Vegetables,"1,316.00",530,4670,2200,22-Oct-24,Winter,Friday
Karnataka,Kolar,Kolar,Tomato,Vegetables,"1,344.00",400,4330,2000,23-Oct-24,Winter,Tuesday
Karnataka,Kolar,Kolar,Tomato,Vegetables,"1,163.00",330,4000,1860,24-Oct-24,Winter,Sunday
Karnataka,Kolar,Kolar,Tomato,Vegetables,"1,320.00",330,4000,2000,25-Oct-24,Winter,Sunday
Karnataka,Kolar,Kolar,Tomato,Vegetables,"1,497.00",330,4000,2000,26-Oct-24,Winter,Wednesday
Karnataka,Kolar,Kolar,Tomato,Vegetables,"1,474.00",330,3330,1660,27-Oct-24,Winter,Saturday
Karnataka,Kolar,Kolar,Tomato,Vegetables,"1,131.00",330,3000,1460,28-Oct-24,Winter,Saturday
Karnataka,Kolar,Kolar,Tomato,Vegetables,"1,351.00",330,3330,1600,29-Oct-24,Winter,Saturday
Karnataka,Kolar,Kolar,Tomato,Vegetables,"1,258.00",300,2000,1000,30-Oct-24,Winter,Tuesday
Karnataka,Kolar,Kolar,Tomato,Vegetables,998,300,2110,1330,01-Nov-24,Winter,Sunday
Karnataka,Kolar,Kolar,Tomato,Vegetables,821,300,2660,1460,02-Nov-24,Winter,Friday
Karnataka,Kolar,Kolar,Tomato,Vegetables,"1,379.00",300,2660,1460,03-Nov-24,Winter,Sunday
Karnataka,Kolar,Kolar,Tomato,Vegetables,"1,810.00",300,2000,1200,05-Nov-24,Winter,Saturday
Karnataka,Kolar,Kolar,Tomato,Vegetables,"1,741.00",300,2130,1330,06-Nov-24,Winter,Monday
Karnataka,Kolar,Kolar,Tomato,Vegetables,"1,628.00",300,2330,1330,07-Nov-24,Winter,Thursday
Karnataka,Kolar,Kolar,Tomato,Vegetables,"1,876.00",300,2200,1300,08-Nov-24,Winter,Thursday
Karnataka,Kolar,Kolar,Tomato,Vegetables,"1,563.00",300,2000,1200,09-Nov-24,Winter,Monday
Karnataka,Kolar,Kolar,Tomato,Vegetables,"1,763.00",300,2330,1460,10-Nov-24,Winter,Wednesday
Karnataka,Kolar,Kolar,Tomato,Vegetables,"1,420.00",300,2130,1330,11-Nov-24,Winter,Monday
Karnataka,Kolar,Kolar,Tomato,Vegetables,"1,530.00",300,2130,1330,12-Nov-24,Winter,Tuesday
Karnataka,Kolar,Kolar,Tomato,Vegetables,"1,358.00",300,2000,1330,13-Nov-24,Winter,Wednesday
Karnataka,Kolar,Kolar,Tomato,Vegetables,"1,560.00",300,2330,1460,14-Nov-24,Winter,Sunday
Karnataka,Kolar,Kolar,Tomato,Vegetables,"1,425.00",300,2330,1330,15-Nov-24,Winter,Wednesday
Karnataka,Kolar,Kolar,Tomato,Vegetables,"1,718.00",300,2130,2130,16-Nov-24,Winter,Thursday
Karnataka,Kolar,Kolar,Tomato,Vegetables,"1,551.00",330,2400,1460,18-Nov-24,Winter,Friday
Karnataka,Kolar,Kolar,Tomato,Vegetables,"1,420.00",330,2660,1530,19-Nov-24,Winter,Tuesday
Karnataka,Kolar,Kolar,Tomato,Vegetables,"1,379.00",330,2660,1460,20-Nov-24,Winter,Monday
Karnataka,Kolar,Kolar,Tomato,Vegetables,953,530,4000,1860,25-Nov-24,Winter,Wednesday
Karnataka,Kolar,Kolar,Tomato,Vegetables,969,530,4330,2000,26-Nov-24,Winter,Thursday
Karnataka,Kolar,Kolar,Tomato,Vegetables,943,530,4330,2000,27-Nov-24,Winter,Tuesday
Karnataka,Kolar,Kolar,Tomato,Vegetables,"1,145.00",530,4000,1660,28-Nov-24,Winter,Sunday
Karnataka,Kolar,Kolar,Tomato,Vegetables,943,530,4000,1860,01-Dec-24,Winter,Monday
Karnataka,Kolar,Kolar,Tomato,Vegetables,498,530,5000,2330,03-Dec-24,Winter,Saturday
Karnataka,Kolar,Kolar,Tomato,Vegetables,"1,187.00",400,4330,2000,04-Dec-24,Winter,Friday
Karnataka,Kolar,Kolar,Tomato,Vegetables,871,400,3660,1860,05-Dec-24,Winter,Tuesday
Karnataka,Kolar,Kolar,Tomato,Vegetables,872,530,4330,2000,06-Dec-24,Winter,Wednesday
Karnataka,Kolar,Kolar,Tomato,Vegetables,"1,102.00",400,4000,1800,07-Dec-24,Winter,Sunday
Karnataka,Kolar,Kolar,Tomato,Vegetables,"1,088.00",330,2660,1330,09-Dec-24,Winter,Thursday
Karnataka,Kolar,Kolar,Tomato,Vegetables,"1,135.00",330,2000,1200,10-Dec-24,Winter,Monday
Karnataka,Kolar,Kolar,Tomato,Vegetables,"1,146.00",330,2000,1330,12-Dec-24,Winter,Monday
Karnataka,Kolar,Kolar,Tomato,Vegetables,"1,013.00",330,1660,1060,13-Dec-24,Winter,Tuesday
Karnataka,Kolar,Kolar,Tomato,Vegetables,"1,006.00",330,1600,930,14-Dec-24,Winter,Thursday
Karnataka,Kolar,Kolar,Tomato,Vegetables,"1,029.00",330,1600,1000,15-Dec-24,Winter,Wednesday
Karnataka,Kolar,Kolar,Tomato,Vegetables,954,330,1660,930,16-Dec-24,Winter,Friday
Karnataka,Kolar,Kolar,Tomato,Vegetables,816,330,1660,860,17-Dec-24,Winter,Monday
Karnataka,Kolar,Kolar,Tomato,Vegetables,903,330,1660,1000,18-Dec-24,Winter,Friday
Karnataka,Kolar,Kolar,Tomato,Vegetables,930,330,1660,1000,19-Dec-24,Winter,Saturday
Karnataka,Kolar,Kolar,Tomato,Vegetables,964,300,1730,930,20-Dec-24,Winter,Monday
Karnataka,Kolar,Kolar,Tomato,Vegetables,683,330,1670,1000,21-Dec-24,Winter,Monday
Karnataka,Kolar,Kolar,Tomato,Vegetables,950,330,2000,1200,22-Dec-24,Winter,Sunday
Karnataka,Kolar,Kolar,Tomato,Vegetables,862,300,1660,1060,23-Dec-24,Winter,Wednesday
Karnataka,Kolar,Kolar,Tomato,Vegetables,"1,133.00",300,1530,930,24-Dec-24,Winter,Sunday
Karnataka,Kolar,Kolar,Tomato,Vegetables,952,300,1670,1000,25-Dec-24,Winter,Tuesday
Karnataka,Kolar,Kolar,Tomato,Vegetables,"1,016.00",300,1530,930,26-Dec-24,Winter,Thursday
Karnataka,Kolar,Kolar,Tomato,Vegetables,601,300,1600,930,27-Dec-24,Winter,Friday
Karnataka,Kolar,Kolar,Tomato,Vegetables,548,300,1730,1000,28-Dec-24,Winter,Saturday
Karnataka,Kolar,Kolar,Tomato,Vegetables,"1,298.00",300,1460,800,29-Dec-24,Winter,Tuesday
Karnataka,Kolar,Kolar,Tomato,Vegetables,"1,271.00",300,1200,660,30-Dec-24,Winter,Saturday
Karnataka,Kolar,Kolar,Tomato,Vegetables,781,300,1000,600,31-Dec-24,Winter,Friday
Karnataka,Kolar,Kolar,Tomato,Vegetables,679,300,1000,600,01-Jan-25,Winter,Tuesday
Karnataka,Kolar,Kolar,Tomato,Vegetables,659,300,1000,530,02-Jan-25,Winter,Monday
